Timestamp,Title,Price,Run_Status
2026-02-20 18:33:52,AegisFlow: Autonomous Remediation Framework,300.00,Success
2026-02-20 18:34:10,AegisFlow: Autonomous Remediation Framework,300.00,Success
2026-02-20 18:34:28,AegisFlow: Autonomous Remediation Framework,300.00,Success
2026-02-20 18:34:46,AegisFlow: Autonomous Remediation Framework,300.00,Success
2026-02-20 18:35:03,AegisFlow: Autonomous Remediation Framework,300.00,Success
2026-02-20 18:35:21,AegisFlow: Autonomous Remediation Framework,300.00,Success
2026-02-20 18:35:39,AegisFlow: Autonomous Remediation Framework,300.00,Success
2026-02-20 18:35:57,AegisFlow: Autonomous Remediation Framework,300.00,Success
2026-02-20 18:36:15,AegisFlow: Autonomous Remediation Framework,300.00,Success
2026-02-20 18:36:32,AegisFlow: Autonomous Remediation Framework,300.00,Success
2026-02-20 18:36:50,AegisFlow: Autonomous Remediation Framework,255.00,Success
2026-02-20 18:37:08,AegisFlow: Autonomous Remediation Framework,255.00,Success
2026-02-20 18:37:26,AegisFlow: Autonomous Remediation Framework,255.00,Success
2026-02-20 18:37:43,AegisFlow: Autonomous Remediation Framework,255.00,Success
2026-02-20 18:38:01,AegisFlow: Autonomous Remediation Framework,280.00,Success
2026-02-20 18:38:19,AegisFlow: Autonomous Remediation Framework,280.00,Success
2026-02-20 18:38:37,AegisFlow: Autonomous Remediation Framework,300.00,Success
2026-02-20 18:38:55,N/A,N/A,Failed
2026-02-20 18:39:17,N/A,N/A,Failed
2026-02-20 18:39:40,N/A,N/A,Failed
2026-02-20 18:40:02,N/A,N/A,Failed
2026-02-20 18:40:25,N/A,N/A,Failed
2026-02-20 18:40:47,N/A,N/A,Failed
2026-02-20 18:41:10,N/A,N/A,Failed
2026-02-20 18:41:32,N/A,N/A,Failed
2026-02-20 18:41:55,N/A,N/A,Failed
2026-02-20 18:42:18,N/A,N/A,Failed
2026-02-20 18:42:40,N/A,N/A,Failed
2026-02-20 18:43:03,N/A,N/A,Failed
2026-02-20 18:43:25,N/A,N/A,Failed
2026-02-20 18:43:48,N/A,N/A,Failed
2026-02-20 18:44:10,N/A,N/A,Failed
2026-02-20 18:44:33,N/A,N/A,Failed
2026-02-20 18:44:55,N/A,N/A,Failed
2026-02-20 18:45:18,N/A,N/A,Failed
2026-02-20 18:45:41,N/A,N/A,Failed
2026-02-20 18:46:03,N/A,N/A,Failed
2026-02-20 18:46:26,N/A,N/A,Failed
2026-02-20 18:46:48,N/A,N/A,Failed
2026-02-20 18:47:11,N/A,N/A,Failed
2026-02-20 18:47:33,N/A,N/A,Failed
2026-02-20 18:47:56,N/A,N/A,Failed
2026-02-20 18:48:19,N/A,N/A,Failed
2026-02-20 18:48:41,N/A,N/A,Failed
2026-02-20 18:49:04,N/A,N/A,Failed
2026-02-20 18:49:26,N/A,N/A,Failed
2026-02-20 18:49:49,N/A,N/A,Failed
2026-02-20 18:50:11,N/A,N/A,Failed
2026-02-20 18:50:34,N/A,N/A,Failed
2026-02-20 18:50:57,N/A,N/A,Failed
2026-02-20 18:51:19,N/A,N/A,Failed
2026-02-20 18:51:42,N/A,N/A,Failed
2026-02-20 18:52:04,N/A,N/A,Failed
2026-02-20 18:52:27,N/A,N/A,Failed
2026-02-20 18:52:49,N/A,N/A,Failed
2026-02-20 18:53:12,N/A,N/A,Failed
2026-02-20 18:53:35,N/A,N/A,Failed
2026-02-20 18:53:57,N/A,N/A,Failed
2026-02-20 18:54:20,N/A,N/A,Failed
2026-02-20 18:54:42,N/A,N/A,Failed
2026-02-20 18:55:05,N/A,N/A,Failed
2026-02-20 18:55:27,N/A,N/A,Failed
2026-02-20 18:55:50,N/A,N/A,Failed
2026-02-20 18:56:13,N/A,N/A,Failed
2026-02-20 18:56:35,N/A,N/A,Failed
2026-02-20 18:56:58,N/A,N/A,Failed
2026-02-20 18:57:20,N/A,N/A,Failed
2026-02-20 18:57:43,N/A,N/A,Failed
2026-02-20 18:58:06,N/A,N/A,Failed
2026-02-20 18:58:28,N/A,N/A,Failed
2026-02-20 18:58:51,N/A,N/A,Failed
2026-02-20 18:59:13,N/A,N/A,Failed
2026-02-20 18:59:36,N/A,N/A,Failed
2026-02-20 18:59:58,AegisFlow: Autonomous Remediation Framework,300.00,Success
2026-02-20 19:00:16,AegisFlow: Autonomous Remediation Framework,300.00,Success
2026-02-20 19:00:34,AegisFlow: Autonomous Remediation Framework,300.00,Success
2026-02-20 19:00:52,AegisFlow: Autonomous Remediation Framework,300.00,Success
2026-02-20 19:01:10,AegisFlow: Autonomous Remediation Framework,300.00,Success
2026-02-20 19:01:27,AegisFlow: Autonomous Remediation Framework,300.00,Success
2026-02-20 19:01:45,AegisFlow: Autonomous Remediation Framework,300.00,Success
2026-02-20 19:02:03,AegisFlow: Autonomous Remediation Framework,300.00,Success
2026-02-20 19:02:21,AegisFlow: Autonomous Remediation Framework,300.00,Success
2026-02-20 19:02:38,AegisFlow: Autonomous Remediation Framework,300.00,Success
2026-02-20 19:02:56,AegisFlow: Autonomous Remediation Framework,300.00,Success
2026-02-20 19:03:14,AegisFlow: Autonomous Remediation Framework,300.00,Success
2026-02-20 19:03:32,AegisFlow: Autonomous Remediation Framework,300.00,Success
2026-02-20 19:03:50,AegisFlow: Autonomous Remediation Framework,300.00,Success
2026-02-20 19:04:07,N/A,N/A,Failed
2026-02-20 19:04:30,AegisFlow: Autonomous Remediation Framework,300.00,Success
2026-02-20 19:04:48,AegisFlow: Autonomous Remediation Framework,300.00,Success
2026-02-20 19:05:05,AegisFlow: Autonomous Remediation Framework,300.00,Success
2026-02-20 19:05:23,AegisFlow: Autonomous Remediation Framework,300.00,Success
