Timestamp,Event_Type,Status,Details
2026-02-20 18:33:54,Scrape_Attempt,Success,
2026-02-20 18:34:12,Scrape_Attempt,Success,
2026-02-20 18:34:30,Scrape_Attempt,Success,
2026-02-20 18:34:48,Scrape_Attempt,Success,
2026-02-20 18:35:06,Scrape_Attempt,Success,
2026-02-20 18:35:23,Scrape_Attempt,Success,
2026-02-20 18:35:41,Scrape_Attempt,Success,
2026-02-20 18:35:59,Scrape_Attempt,Success,
2026-02-20 18:36:17,Scrape_Attempt,Success,
2026-02-20 18:36:34,Scrape_Attempt,Success,
2026-02-20 18:36:52,Scrape_Attempt,Success,
2026-02-20 18:37:10,Scrape_Attempt,Success,
2026-02-20 18:37:28,Scrape_Attempt,Success,
2026-02-20 18:37:46,Scrape_Attempt,Success,
2026-02-20 18:38:03,Scrape_Attempt,Success,
2026-02-20 18:38:21,Scrape_Attempt,Success,
2026-02-20 18:38:39,Scrape_Attempt,Success,
2026-02-20 18:38:57,Scrape_Attempt,Failed,
2026-02-20 18:39:01,Repair_Action,Success,Latency:0.00s | Version:v1
2026-02-20 18:39:19,Scrape_Attempt,Failed,
2026-02-20 18:39:24,Repair_Action,Success,Latency:0.00s | Version:v2
2026-02-20 18:39:42,Scrape_Attempt,Failed,
2026-02-20 18:39:46,Repair_Action,Success,Latency:0.00s | Version:v3
2026-02-20 18:40:04,Scrape_Attempt,Failed,
2026-02-20 18:40:09,Repair_Action,Success,Latency:0.00s | Version:v4
2026-02-20 18:40:27,Scrape_Attempt,Failed,
2026-02-20 18:40:32,Repair_Action,Success,Latency:0.00s | Version:v5
2026-02-20 18:40:49,Scrape_Attempt,Failed,
2026-02-20 18:40:54,Repair_Action,Success,Latency:0.00s | Version:v6
2026-02-20 18:41:12,Scrape_Attempt,Failed,
2026-02-20 18:41:17,Repair_Action,Success,Latency:0.00s | Version:v7
2026-02-20 18:41:34,Scrape_Attempt,Failed,
2026-02-20 18:41:39,Repair_Action,Success,Latency:0.00s | Version:v8
2026-02-20 18:41:57,Scrape_Attempt,Failed,
2026-02-20 18:42:02,Repair_Action,Success,Latency:0.00s | Version:v9
2026-02-20 18:42:20,Scrape_Attempt,Failed,
2026-02-20 18:42:24,Repair_Action,Success,Latency:0.00s | Version:v10
2026-02-20 18:42:42,Scrape_Attempt,Failed,
2026-02-20 18:42:47,Repair_Action,Success,Latency:0.00s | Version:v11
2026-02-20 18:43:05,Scrape_Attempt,Failed,
2026-02-20 18:43:10,Repair_Action,Success,Latency:0.00s | Version:v12
2026-02-20 18:43:27,Scrape_Attempt,Failed,
2026-02-20 18:43:32,Repair_Action,Success,Latency:0.00s | Version:v13
2026-02-20 18:43:50,Scrape_Attempt,Failed,
2026-02-20 18:43:55,Repair_Action,Success,Latency:0.00s | Version:v14
2026-02-20 18:44:12,Scrape_Attempt,Failed,
2026-02-20 18:44:17,Repair_Action,Success,Latency:0.00s | Version:v15
2026-02-20 18:44:35,Scrape_Attempt,Failed,
2026-02-20 18:44:40,Repair_Action,Success,Latency:0.00s | Version:v16
2026-02-20 18:44:58,Scrape_Attempt,Failed,
2026-02-20 18:45:02,Repair_Action,Success,Latency:0.00s | Version:v17
2026-02-20 18:45:20,Scrape_Attempt,Failed,
2026-02-20 18:45:25,Repair_Action,Success,Latency:0.00s | Version:v18
2026-02-20 18:45:43,Scrape_Attempt,Failed,
2026-02-20 18:45:47,Repair_Action,Success,Latency:0.00s | Version:v19
2026-02-20 18:46:05,Scrape_Attempt,Failed,
2026-02-20 18:46:10,Repair_Action,Success,Latency:0.00s | Version:v20
2026-02-20 18:46:28,Scrape_Attempt,Failed,
2026-02-20 18:46:33,Repair_Action,Success,Latency:0.00s | Version:v21
2026-02-20 18:46:50,Scrape_Attempt,Failed,
2026-02-20 18:46:55,Repair_Action,Success,Latency:0.00s | Version:v22
2026-02-20 18:47:13,Scrape_Attempt,Failed,
2026-02-20 18:47:18,Repair_Action,Success,Latency:0.00s | Version:v23
2026-02-20 18:47:36,Scrape_Attempt,Failed,
2026-02-20 18:47:40,Repair_Action,Success,Latency:0.00s | Version:v24
2026-02-20 18:47:58,Scrape_Attempt,Failed,
2026-02-20 18:48:03,Repair_Action,Success,Latency:0.00s | Version:v25
2026-02-20 18:48:21,Scrape_Attempt,Failed,
2026-02-20 18:48:25,Repair_Action,Success,Latency:0.00s | Version:v26
2026-02-20 18:48:43,Scrape_Attempt,Failed,
2026-02-20 18:48:48,Repair_Action,Success,Latency:0.00s | Version:v27
2026-02-20 18:49:06,Scrape_Attempt,Failed,
2026-02-20 18:49:11,Repair_Action,Success,Latency:0.00s | Version:v28
2026-02-20 18:49:28,Scrape_Attempt,Failed,
2026-02-20 18:49:33,Repair_Action,Success,Latency:0.00s | Version:v29
2026-02-20 18:49:51,Scrape_Attempt,Failed,
2026-02-20 18:49:56,Repair_Action,Success,Latency:0.00s | Version:v30
2026-02-20 18:50:14,Scrape_Attempt,Failed,
2026-02-20 18:50:18,Repair_Action,Success,Latency:0.00s | Version:v31
2026-02-20 18:50:36,Scrape_Attempt,Failed,
2026-02-20 18:50:41,Repair_Action,Success,Latency:0.00s | Version:v32
2026-02-20 18:50:59,Scrape_Attempt,Failed,
2026-02-20 18:51:03,Repair_Action,Success,Latency:0.00s | Version:v33
2026-02-20 18:51:21,Scrape_Attempt,Failed,
2026-02-20 18:51:26,Repair_Action,Success,Latency:0.00s | Version:v34
2026-02-20 18:51:44,Scrape_Attempt,Failed,
2026-02-20 18:51:49,Repair_Action,Success,Latency:0.00s | Version:v35
2026-02-20 18:52:06,Scrape_Attempt,Failed,
2026-02-20 18:52:11,Repair_Action,Success,Latency:0.00s | Version:v36
2026-02-20 18:52:29,Scrape_Attempt,Failed,
2026-02-20 18:52:34,Repair_Action,Success,Latency:0.00s | Version:v37
2026-02-20 18:52:52,Scrape_Attempt,Failed,
2026-02-20 18:52:56,Repair_Action,Success,Latency:0.00s | Version:v38
2026-02-20 18:53:14,Scrape_Attempt,Failed,
2026-02-20 18:53:19,Repair_Action,Success,Latency:0.00s | Version:v39
2026-02-20 18:53:37,Scrape_Attempt,Failed,
2026-02-20 18:53:41,Repair_Action,Success,Latency:0.00s | Version:v40
2026-02-20 18:53:59,Scrape_Attempt,Failed,
2026-02-20 18:54:04,Repair_Action,Success,Latency:0.00s | Version:v41
2026-02-20 18:54:22,Scrape_Attempt,Failed,
2026-02-20 18:54:27,Repair_Action,Success,Latency:0.00s | Version:v42
2026-02-20 18:54:44,Scrape_Attempt,Failed,
2026-02-20 18:54:49,Repair_Action,Success,Latency:0.00s | Version:v43
